spot_id,CAF,Endo,Macro,Malignant,NK,T
8x10,0.12197311,0.20572884,0.0005367494,0.017209807,0.24033958,0.41421184
8x11,0.10550238,0.29496354,0.0015713094,0.012186758,0.30437806,0.281398
8x12,0.009322934,0.45702285,0.0069920905,0.026130563,0.03038806,0.47014362
9x3,0.036652412,0.0019071118,0.26226544,0.32981795,0.012579294,0.35677773
9x4,0.018956821,0.003479672,0.36641338,0.26672068,0.0063214684,0.33810794
9x5,0.070974186,0.0014605756,0.25923315,0.42701197,0.01208806,0.22923201
9x6,0.09103556,0.0019178194,0.29745045,0.299301,0.013775017,0.2965201
9x7,0.10560975,0.0027102083,0.15101731,0.5091862,0.006368914,0.22510758
9x8,0.034930028,0.0015873419,0.20415376,0.4357436,0.0175133,0.30607194
9x9,0.039425995,0.5054822,0.0038059596,0.06635059,0.07510715,0.30982813
9x10,0.097062,0.2733988,0.00027657635,0.042762127,0.05502226,0.5314783
9x11,0.06253214,0.38396114,0.00012381715,0.090459794,0.18225592,0.28066716
9x12,0.10415326,0.4308977,0.00059010077,0.04513203,0.054916773,0.3643101
10x3,0.021165725,0.003607844,0.35138732,0.2614261,0.0045270952,0.35788596
10x4,0.047132194,0.0039184396,0.29277053,0.3438599,0.003998101,0.30832076
10x5,0.05526135,0.0011307114,0.20324041,0.42519826,0.01609041,0.29907888
10x6,0.03192168,0.0018241756,0.28027686,0.33965844,0.007974395,0.33834437
10x7,0.03539604,0.0051244665,0.19059372,0.44523728,0.013348383,0.31030008
10x8,0.041526962,0.0006299812,0.30162752,0.26054686,0.010778097,0.38489056
10x9,0.020494357,0.61201453,0.014090449,0.044433735,0.15057796,0.15838903
10x10,0.024307147,0.2083479,0.00035120902,0.017368035,0.4992803,0.2503454
10x11,0.11084294,0.38086414,0.00032864526,0.061236873,0.03997026,0.40675712
10x12,0.025710387,0.45826116,0.0005122602,0.04879299,0.25299254,0.21373066
10x13,0.014973669,0.44233093,0.00489218,0.03262064,0.08994445,0.4152381
11x2,0.046368055,0.0007112582,0.2438096,0.33930868,0.012883481,0.3569189
11x3,0.03775091,0.0033720855,0.2424311,0.40186366,0.006132874,0.30844933
11x4,0.047932513,0.0010189115,0.23532724,0.41161034,0.015155263,0.28895578
11x5,0.051456664,0.01385011,0.18257505,0.46598014,0.0012361959,0.28490183
11x6,0.021749238,0.00085586734,0.16509512,0.4556791,0.026362596,0.33025816
11x7,0.035570737,0.0007353924,0.19316916,0.39140165,0.027254095,0.351869
11x8,0.016668359,0.003312456,0.24061114,0.39573437,0.020774852,0.3228988
11x9,0.01563763,0.4872397,0.002212199,0.0673493,0.05714388,0.37041733
11x10,0.06436749,0.33485293,0.00044279356,0.03315743,0.12303279,0.44414654
11x11,0.09686925,0.16792564,0.00013215456,0.06949045,0.15504034,0.51054215
11x12,0.07853531,0.2743451,0.0001723855,0.06830297,0.075365916,0.5032784
11x13,0.015773516,0.46442443,0.0006644007,0.088366196,0.086972035,0.3437994
12x2,0.025618162,0.005020147,0.3659665,0.24353981,0.0022288435,0.35762647
12x3,0.02035417,0.004244282,0.25089,0.3709258,0.0076355007,0.34595025
12x4,0.0658863,0.0024033163,0.22715749,0.38438565,0.006337895,0.31382933
12x5,0.046890747,0.003595908,0.15089765,0.48972625,0.010754708,0.29813474
12x6,0.055570513,0.0013096168,0.15931624,0.5004314,0.007603724,0.27576852
12x7,0.0318943,0.0019092078,0.08700931,0.2735475,0.09438308,0.51125664
12x8,0.12538485,0.0074751615,0.045768134,0.2825451,0.10444385,0.43438292
12x9,0.0112165315,0.013522625,0.0120593915,0.32643571,0.113474704,0.52329105
12x10,0.08795758,0.25824386,0.005665311,0.0055566374,0.056375656,0.58620095
12x11,0.16033113,0.26834807,0.00032430867,0.036173865,0.12423793,0.41058475
12x12,0.01678885,0.31956977,0.002017948,0.027480884,0.20897433,0.42516825
12x13,0.029507319,0.344049,0.0017988018,0.034756266,0.1930796,0.39680895
13x2,0.061610818,0.003268344,0.32645437,0.28763556,0.006141067,0.31488988
13x3,0.058812175,0.014156709,0.38358393,0.20009898,0.0017053653,0.34164286
13x4,0.024362449,0.0053701685,0.29218692,0.31748742,0.0033128737,0.35728014
13x5,0.039933454,0.0044354796,0.16888359,0.44525468,0.013579267,0.32791355
13x6,0.08148669,0.00055258657,0.12616031,0.47546145,0.038897168,0.27744186
13x7,0.052413385,0.00042891136,0.1771187,0.35397908,0.03950327,0.37655666
13x8,0.013480026,0.0012212433,0.22534472,0.3980913,0.009426318,0.35243645
13x9,0.05724584,0.02353189,0.49227223,0.12437846,0.0019293594,0.30064225
13x10,0.1770263,0.2918216,0.013536279,0.107213385,0.0025576244,0.40784478
13x11,0.082826436,0.196931,0.0001612197,0.059490506,0.11276369,0.5478271
13x12,0.069690034,0.32400316,0.0057026483,0.011534342,0.24660715,0.34246266
13x13,0.11640442,0.4867812,0.001867277,0.03047031,0.08441163,0.2800652
14x2,0.046952035,0.0049025775,0.16692007,0.43952206,0.017073086,0.32463017
14x3,0.03256417,0.011104113,0.15116532,0.48990798,0.009883649,0.30537477
14x4,0.019942163,0.002736797,0.22614338,0.40932024,0.009516776,0.33234063
14x5,0.04494902,0.0014192031,0.19096906,0.45145568,0.020647554,0.29055938
14x6,0.05806562,0.0011098655,0.20988134,0.38722655,0.013493967,0.3302226
14x7,0.031185936,0.0028624148,0.31177646,0.34212032,0.0049909404,0.30706394
14x8,0.068613626,0.0073660836,0.3514929,0.1471699,0.0025320323,0.4228254
14x9,0.06715489,0.010034643,0.38634506,0.28258452,0.002311861,0.2515691
14x10,0.03019152,0.3294045,0.0035257277,0.008443967,0.08117334,0.54726094
14x11,0.07825074,0.28122953,0.00036805068,0.01908006,0.41813853,0.20293316
14x12,0.1252185,0.30646905,0.0002699152,0.08085678,0.07082962,0.41635615
15x2,0.09936095,0.0010837617,0.07265123,0.21849746,0.122505784,0.4859008
15x4,0.01763881,0.037894562,0.08460812,0.57394594,0.0014114793,0.28450105
15x5,0.021398064,0.02743695,0.15448725,0.5007822,0.0067391014,0.28915644
15x6,0.044052716,0.00089083944,0.420267,0.20537296,0.010916043,0.31850052
15x7,0.02497898,0.0017916111,0.17645328,0.4098173,0.014157074,0.3728018
15x8,0.044629123,0.006046923,0.29932374,0.26578504,0.006703219,0.377512
15x9,0.06249104,0.00818437,0.3570448,0.36544606,0.0060546985,0.200779
15x10,0.19091113,0.2740406,0.0005532105,0.50280714,0.0005238686,0.031164007
15x11,0.0070788115,0.35017547,0.0011418641,0.048927844,0.12281782,0.46985817
15x12,0.06296827,0.23019317,1.8813082e-05,0.13704632,0.12184639,0.44792703
15x13,0.14087509,0.115289174,9.436836e-05,0.01973235,0.45174536,0.2722636
16x2,0.12387753,0.09269995,0.07104115,0.16408795,0.008966408,0.539327
16x3,0.033192586,0.3495902,0.0013120143,0.03338158,0.020575192,0.5619484
16x4,0.06927003,0.22779652,0.005280514,0.0040805135,0.14992014,0.54365224
16x5,0.19162971,0.30869946,0.0019475761,0.15266134,0.004117331,0.34094462
16x6,0.18809043,0.31159368,9.4320305e-05,0.3242199,0.008033848,0.1679678
16x7,0.26390064,0.25531405,0.013213143,0.0089907395,0.0066730115,0.45190844
16x8,0.06677181,0.5081225,0.0019990157,0.04446383,0.062481392,0.3161615
16x9,0.31838068,0.07729933,0.00016981013,0.31866837,0.00091087713,0.28457093
16x10,0.06945446,0.2539422,0.17290796,0.021088857,0.009455454,0.47315112
16x11,0.10933967,0.26191634,0.1709376,0.019228935,0.022574518,0.41600305
16x12,0.06692093,0.17276603,0.003668993,0.018758537,0.14163303,0.59625244
16x13,0.023621354,0.25279105,0.09578707,0.013593691,0.05375339,0.5604534
17x3,0.022750055,0.3671364,0.00038460302,0.073486336,0.0797079,0.4565347
17x4,0.19052395,0.13570128,8.6664855e-05,0.051219177,0.19821203,0.42425692
17x5,0.024659088,0.23315302,0.0077255988,0.006782703,0.19925727,0.52842236
17x6,0.05580854,0.28480828,0.0004372197,0.03366982,0.019835858,0.6054403
17x7,0.011536126,0.24682827,0.015357856,0.006525193,0.19561554,0.524137
17x8,0.007895783,0.4403725,0.00091546046,0.038557004,0.31293344,0.1993258
17x9,0.026778918,0.21508811,0.008798723,0.0078708315,0.22874467,0.51271874
17x10,0.025333894,0.01191457,0.1804283,0.4979808,0.010267217,0.2740752
17x11,0.07994306,0.00027726547,0.08488332,0.47865096,0.11444111,0.24180427
17x12,0.019683708,0.005258919,0.25379276,0.47995383,0.0063762255,0.23493458
17x13,0.09091716,0.00030583833,0.08581554,0.51154363,0.08191405,0.22950383
18x3,0.18840075,0.17459223,6.0085582e-05,0.0682719,0.15864162,0.41003346
18x4,0.08297584,0.33453616,0.00050317316,0.054497514,0.046241432,0.48124585
18x5,0.033285275,0.25951922,0.011756418,0.007405826,0.2594936,0.4285397
18x6,0.0682056,0.32129714,0.00038870127,0.052297246,0.046938624,0.51087266
18x7,0.05813631,0.35463804,0.0015632003,0.02350865,0.13085078,0.431303
18x8,0.04036909,0.20064701,0.014390234,0.005672144,0.13622886,0.6026926
18x9,0.027274162,0.0016992007,0.26410735,0.4572855,0.005094145,0.24453974
18x10,0.028663749,0.012820126,0.15270212,0.50285506,0.0018111088,0.30114776
18x11,0.019348811,0.0015999076,0.26662508,0.3517668,0.009178724,0.35148066
18x12,0.029201109,0.002086686,0.33942688,0.30150267,0.0058479565,0.32193464
19x3,0.12127226,0.18475749,0.0017098866,0.006518438,0.25933346,0.4264086
19x4,0.026270647,0.44000846,0.0033169943,0.020498464,0.13305154,0.37685394
19x5,0.035121974,0.27702612,0.017815564,0.0036747921,0.22437118,0.44199038
19x6,0.1959001,0.19291309,0.0012328102,0.020635262,0.16834193,0.42097682
19x7,0.05422299,0.48370156,0.00018065421,0.14835541,0.076850966,0.23668848
19x8,0.04604573,0.16869082,5.1983193e-06,0.1994474,0.14777501,0.4380358
19x9,0.008727038,0.01721767,0.10800181,0.6352414,0.0012223392,0.22958975
19x10,0.0316215,0.008058529,0.48530772,0.21452276,0.0025168657,0.25797266
19x11,0.049262963,0.0033933627,0.2569184,0.43774295,0.00438833,0.24829398
19x13,0.027948925,0.004392187,0.22955097,0.40925014,0.0066051506,0.3222526
20x4,0.045065224,0.2977629,0.0057949442,0.0045497688,0.28131324,0.36551395
20x5,0.14617714,0.28828803,0.0007748382,0.016519157,0.19636123,0.3518796
20x6,0.0019921984,0.42413384,0.009259288,0.044830445,0.054601047,0.46518323
20x7,0.03655585,0.25835952,0.014746604,0.0060575022,0.17375572,0.5105248
20x8,0.0110764485,0.2005221,0.0046463152,0.028207617,0.2793534,0.47619417
20x9,0.016130527,0.0076560597,0.13325699,0.55308676,0.055376153,0.23449351
20x10,0.06434872,0.0031313708,0.120702356,0.52331907,0.006983156,0.2815154
20x12,0.036901265,0.00536926,0.37343147,0.2560538,0.0026854507,0.32555878
21x4,0.009304766,0.4338872,0.004486039,0.036508188,0.018699123,0.4971146
21x5,0.029973703,0.35386366,0.0005966092,0.03046311,0.26222205,0.32288092
21x6,0.017214736,0.40590194,0.0030174532,0.01993474,0.015445319,0.5384858
21x7,0.044947114,0.33129978,0.0005566222,0.072693735,0.061349146,0.4891535
21x8,0.00619562,0.4383786,0.008266796,0.030453272,0.051277585,0.46542814
21x10,0.027975429,0.014313504,0.16065063,0.42220676,0.014219838,0.36063388
21x11,0.0005485459,0.0372892,0.073695675,0.2646269,0.062315136,0.56152457
22x4,0.3984719,0.013147402,0.0017001512,0.43804452,0.10032312,0.04831291
22x5,0.044943105,0.43465686,0.0017857439,0.04021046,0.10005792,0.37834594
22x6,0.26290876,0.10569772,0.00014917908,0.09136449,0.09670295,0.4431769
22x7,0.017931309,0.28198102,0.00854875,0.008155422,0.23804373,0.44533977
22x8,0.072744094,0.34794295,0.0029250209,0.016880268,0.013815773,0.54569197
22x9,0.11367592,0.17535572,0.004424233,0.013999533,0.10767553,0.5848691
22x10,0.048458427,0.014641396,0.10816036,0.06445382,0.077762626,0.6865233
23x5,0.03564367,0.5718765,0.007711547,0.0630544,0.025038622,0.2966753
23x6,0.13977848,0.09652766,0.00013100964,0.055616874,0.066280514,0.6416655
23x7,0.13179263,0.17347047,0.00512939,0.0045748237,0.27055985,0.41447282
23x8,0.1679418,0.28771868,0.00029987158,0.100551285,0.014612393,0.42887595
23x12,0.00016395285,0.39099967,0.0014857964,0.114227764,0.23779757,0.25532523
23x13,0.20402709,0.15155622,0.0001665243,0.049173646,0.34376234,0.25131413
24x3,0.02612899,0.0017602,0.26573768,0.35985935,0.010050948,0.3364629
24x4,0.05573593,0.00081395573,0.2288987,0.37623584,0.017050207,0.32126534
24x6,0.025601916,0.37113094,0.0005315115,0.05275779,0.0587701,0.4912077
24x7,0.04706907,0.5438358,0.00247481,0.024805993,0.09209373,0.28972054
24x9,0.16711596,0.20661928,0.00045746577,0.06860079,0.06652362,0.4906829
24x13,0.11010811,0.21733533,0.0007207173,0.05152713,0.035650674,0.584658
25x3,0.03914003,0.008047999,0.33030844,0.25407827,0.0038997151,0.3645255
25x4,0.051131055,0.003956196,0.27898526,0.31523615,0.009954235,0.34073704
26x6,0.14620756,0.19555314,9.712066e-05,0.06335393,0.12452395,0.4702643
26x7,0.0013421172,0.2805235,0.00063852785,0.047994718,0.3760082,0.2934929
26x8,0.035734482,0.24091901,0.008610512,0.017807974,0.13411488,0.5628132
26x9,0.095041,0.28915563,0.00039023036,0.04550026,0.17968813,0.3902248
26x10,0.04964802,0.28590754,0.0049349577,0.01453367,0.2274841,0.4174917
26x12,0.0015467866,0.3200675,0.0011764672,0.04275804,0.26549768,0.36895353
27x7,0.080105424,0.23635578,0.00017875253,0.063907154,0.0993019,0.52015096
28x9,0.040346704,0.34353867,0.0013163411,0.04936672,0.24214171,0.32328984
